Clippy_Admire	Clippy	Clippy_Admire.gif	Admire
Clippy_AreYouThere	Clippy	Clippy_AreYouThere.gif	Are You There
Clippy_Bandaged	Clippy	Clippy_Bandaged.gif	Bandaged
Clippy_Bored	Clippy	Clippy_Bored.gif	Bored
Clippy_Brb	Clippy	Clippy_Brb.gif	Brb
Clippy_Coffee	Clippy	Clippy_Coffee.gif	Coffee
Clippy_CoffeeMug	Clippy	Clippy_CoffeeMug.gif	Coffee Mug
Clippy_HappyHour	Clippy	Clippy_HappyHour.gif	Happy Hour
Clippy_HelloThere	Clippy	Clippy_HelloThere.gif	Hello There
Clippy_ImHere	Clippy	Clippy_ImHere.gif	Im Here
Clippy_LooksGreat	Clippy	Clippy_LooksGreat.gif	Looks Great
Clippy_Love	Clippy	Clippy_Love.gif	Love
Clippy_Meeting	Clippy	Clippy_Meeting.gif	Meeting
Clippy_Nap	Clippy	Clippy_Nap.gif	Nap
Clippy_Nice	Clippy	Clippy_Nice.gif	Nice
Clippy_NoProbs	Clippy	Clippy_NoProbs.gif	No Probs
Clippy_Normal	Clippy	Clippy_Normal.gif	Normal
Clippy_Ok	Clippy	Clippy_Ok.gif	Ok
Clippy_Oof	Clippy	Clippy_Oof.gif	Oof
Clippy_Payday	Clippy	Clippy_Payday.gif	Payday
Clippy_Presentation	Clippy	Clippy_Presentation.gif	Presentation
Clippy_Sad	Clippy	Clippy_Sad.gif	Sad
Clippy_ShipIt	Clippy	Clippy_ShipIt.gif	Ship It
Clippy_Sick	Clippy	Clippy_Sick.gif	Sick
Clippy_Spy	Clippy	Clippy_Spy.gif	Spy
Clippy_StocksDown	Clippy	Clippy_StocksDown.gif	Stocks Down
Clippy_Sun	Clippy	Clippy_Sun.gif	Sun
Clippy_Sunglasses	Clippy	Clippy_Sunglasses.gif	Sunglasses
Clippy_Surprise	Clippy	Clippy_Surprise.gif	Surprise
Clippy_ThankYou	Clippy	Clippy_ThankYou.gif	Thank You
Clippy_Traffic	Clippy	Clippy_Traffic.gif	Traffic
Clippy_What	Clippy	Clippy_What.gif	What
Clippy_WriteLetter	Clippy	Clippy_WriteLetter.gif	Write Letter
Clippy_Yeah	Clippy	Clippy_Yeah.gif	Yeah
OfficeDrama_SoCool	OfficeDrama	OfficeDrama_SoCool_New.png	So Cool
OfficeDrama_Hahaha	OfficeDrama	OfficeDrama_Hahaha.png	Hahaha
OfficeDrama_Hey	OfficeDrama	OfficeDrama_Hey.png	Hey
OfficeDrama_Interesting	OfficeDrama	OfficeDrama_Interesting.png	Interesting
OfficeDrama_Grrr	OfficeDrama	OfficeDrama_Grrr.png	Grrr
OfficeDrama_TellMeMore	OfficeDrama	OfficeDrama_TellMeMore.png	Tell Me More
OfficeDrama_Oops	OfficeDrama	OfficeDrama_Oops.png	Oops
OfficeDrama_Yes	OfficeDrama	OfficeDrama_Yes.png	Yes
OfficeDrama_OhYeah	OfficeDrama	OfficeDrama_OhYeah.png	Oh Yeah
OfficeDrama_GotThis	OfficeDrama	OfficeDrama_GotThis.png	Got This
OfficeDrama_Coffee	OfficeDrama	OfficeDrama_Coffee.png	Coffee
OfficeDrama_NotAgain	OfficeDrama	OfficeDrama_NotAgain.png	Not Again
OfficeDrama_Hmm	OfficeDrama	OfficeDrama_Hmm.png	Hmm
OfficeDrama_DonutShame	OfficeDrama	OfficeDrama_DonutShame.png	Donut Shame
OfficeDrama_Swell	OfficeDrama	OfficeDrama_Swell.png	Swell
OfficeDrama_Eew	OfficeDrama	OfficeDrama_Eew.png	Eew
OfficeDrama_Meeting	OfficeDrama	OfficeDrama_Meeting.png	Meeting
OfficeDrama_Horrified	OfficeDrama	OfficeDrama_Horrified.png	Horrified
OfficeDrama_Beautiful	OfficeDrama	OfficeDrama_Beautiful.png	Beautiful
OfficeDrama_HighFive	OfficeDrama	OfficeDrama_HighFive.png	High Five
OfficeDrama_CantThink	OfficeDrama	OfficeDrama_CantThink.png	Cant Think
OfficeDrama_CutFeature	OfficeDrama	OfficeDrama_CutFeature.png	Cut Feature
OfficeDrama_Plan	OfficeDrama	OfficeDrama_Plan.png	Plan
OfficeDrama_Stapler	OfficeDrama	OfficeDrama_Stapler.png	Stapler
OfficeDrama_Retirement	OfficeDrama	OfficeDrama_Retirement.png	Retirement
OfficeDrama_ForgotSave	OfficeDrama	OfficeDrama_ForgotSave.png	Forgot Save
OfficeDrama_DontLike	OfficeDrama	OfficeDrama_DontLike.png	Dont Like
OfficeDrama_Cough	OfficeDrama	OfficeDrama_Cough.png	Cough
Designers_Bigger	Designers	Designers_Bigger.png	Bigger
Designers_Client_Taste	Designers	Designers_Client_Taste.png	Client Taste
Designers_Cmyk_Or_Rgb	Designers	Designers_Cmyk_Or_Rgb.png	Cmyk Or Rgb
Designers_Creative	Designers	Designers_Creative.png	Creative
Designers_Design_Formal	Designers	Designers_Design_Formal.png	Design Formal
Designers_Everyones_A_Critic	Designers	Designers_Everyones_A_Critic.png	Everyones A Critic
Designers_Everyones_A_Designer	Designers	Designers_Everyones_A_Designer.png	Everyones A Designer
Designers_Final	Designers	Designers_Final.png	Final
Designers_Fix	Designers	Designers_Fix.png	Fix
Designers_Focus	Designers	Designers_Focus.png	Focus
Designers_Hotkey_Problems	Designers	Designers_Hotkey_Problems.png	Hotkey Problems
Designers_I_Dont_Get_It	Designers	Designers_I_Dont_Get_It.png	I Dont Get It
Designers_Just_A_Crit	Designers	Designers_Just_A_Crit.png	Just A Crit
Designers_Layers_Flattened	Designers	Designers_Layers_Flattened.png	Layers Flattened
Designers_Make_It_Cool	Designers	Designers_Make_It_Cool.png	Make It Cool
Designers_My_Design	Designers	Designers_My_Design.png	My Design
Designers_Need_More_Screen	Designers	Designers_Need_More_Screen.png	Need More Screen
Designers_Negative_Space	Designers	Designers_Negative_Space.png	Negative Space
Designers_Not_Green	Designers	Designers_Not_Green.png	Not Green
Designers_Pixel_Perfect	Designers	Designers_Pixel_Perfect.png	Pixel Perfect
Designers_Raise_Resolution	Designers	Designers_Raise_Resolution.png	Raise Resolution
Designers_Simple	Designers	Designers_Simple.png	Simple
Designers_Snap_To_Grid	Designers	Designers_Snap_To_Grid.png	Snap To Grid
Designers_Think_Outside_The_Box	Designers	Designers_Think_Outside_The_Box.png	Think Outside The Box
Designers_Work_For_Exposure	Designers	Designers_Work_For_Exposure.png	Work For Exposure
Devs_500	Devs	Devs_500_Internal_Error.png	500
Devs_Approved	Devs	Devs_Approved.png	Approved
Devs_Big_Data	Devs	Devs_Big_Data.png	Big Data
Devs_Broke_the_Build	Devs	Devs_Broke_the_Build.png	Broke the Build
Devs_Bugs_Bugs_Bugs	Devs	Devs_Bugs_Bugs_Bugs.png	Bugs Bugs Bugs
Devs_Multiplying	Devs	Devs_Bugs_Multiplying.png	Multiplying
Devs_Can_You_Review	Devs	Devs_Can_You_Review.png	Can You Review
Devs_Cloud	Devs	Devs_Cloud.png	Cloud
Devs_Done	Devs	Devs_Done.png	Done
Devs_Hacked	Devs	Devs_Hacked.png	Hacked
Devs_Make_It_Better	Devs	Devs_Make_It_Better.png	Make It Better
Devs_Merge_Conflict	Devs	Devs_Merge_Conflict.png	Merge Conflict
Devs_No_Repro	Devs	Devs_No_repro.png	No Repro
Devs_Not_A_Bug	Devs	Devs_Not_A_Bug.png	Not A Bug
Devs_PR_Out	Devs	Devs_PR_Out.png	PR Out
Devs_Smash	Devs	Devs_Smash.png	Smash
Devs_Test_Fail	Devs	Devs_Test_Fail.png	Test Fail
Devs_Uncodable	Devs	Devs_Uncodable.png	Uncodable
Devs_Waiting_For_Compile	Devs	Devs_Waiting_For_Compile.png	Waiting For Compile
Devs_Works_On_My_Machine	Devs	Devs_Works_On_My_Machine.png	Works On My Machine
Legal_Another_Six	Legal	Legal_Another_Six.png	Another Six
Legal_Billing_Code	Legal	Legal_Billing_Code.png	Billing Code
Legal_Disbarred	Legal	Legal_Disbarred.png	Disbarred
Legal_Doc_Review	Legal	Legal_Doc_Review.png	Doc Review
Legal_Doctor	Legal	Legal_Doctor.png	Doctor
Legal_Fair_Use	Legal	Legal_Fair_Use.png	Fair Use
Legal_Fine_Print	Legal	Legal_Fine_Print.png	Fine Print
Legal_Force_Majeure	Legal	Legal_Force_Majeure.png	Force Majeure
Legal_Legalese	Legal	Legal_Legalese.png	Legalese
Legal_NDA	Legal	Legal_NDA.png	NDA
Legal_Non_Sequitur	Legal	Legal_Non_Sequitur.png	Non Sequitur
Legal_Notary	Legal	Legal_Notary.png	Notary
Legal_Objection	Legal	Legal_Objection.png	Objection
Legal_Overruled	Legal	Legal_Overruled.png	Overruled
Legal_Plead_The_Fifth	Legal	Legal_Plead_The_Fifth.png	Plead The Fifth
Legal_Research_Time	Legal	Legal_Research_Time.png	Research Time
Legal_Rule_11	Legal	Legal_Rule_11.png	Rule 11
Legal_Shark	Legal	Legal_Shark.png	Shark
Legal_Sign	Legal	Legal_Sign.png	Sign
Legal_Socratic_Method	Legal	Legal_Socratic_Method.png	Socratic Method
Legal_Sustained	Legal	Legal_Sustained.png	Sustained
Legal_Transcribe	Legal	Legal_Transcribe.png	Transcribe
Legal_We_Got_Sued	Legal	Legal_We_Got_Sued.png	We Got Sued
Legal_We_Need_A_Specialist	Legal	Legal_We_Need_A_Specialist.png	We Need A Specialist
WordArt_Amazing	WordArt	WordArt_Amazing.png	Amazing
WordArt_Awesome	WordArt	WordArt_Awesome.png	Awesome
WordArt_BRB	WordArt	WordArt_BRB.png	BRB
WordArt_Cool	WordArt	WordArt_Cool.png	Cool
WordArt_FYI	WordArt	WordArt_FYI.png	FYI
WordArt_Gross	WordArt	WordArt_Gross.png	Gross
WordArt_Hello	WordArt	WordArt_Hello.png	Hello
WordArt_JustASec	WordArt	WordArt_JustASec.png	Just ASec
WordArt_LOL	WordArt	WordArt_LOL.png	LOL
WordArt_Nice	WordArt	WordArt_Nice.png	Nice
WordArt_NoWay	WordArt	WordArt_NoWay.png	No Way
WordArt_Right	WordArt	WordArt_Right.png	Right
WordArt_Sweet	WordArt	WordArt_Sweet.png	Sweet
WordArt_Thanks	WordArt	WordArt_Thanks.png	Thanks
WordArt_Totes	WordArt	WordArt_Totes.png	Totes
WordArt_WhyNot	WordArt	WordArt_WhyNot.png	Why Not
WordArt_Wow	WordArt	WordArt_Wow.png	Wow
WordArt_YeahRight	WordArt	WordArt_YeahRight.png	Yeah Right
WordArt_YesPlease	WordArt	WordArt_YesPlease.png	Yes Please
Teamsquatch_BrokenMrCopy	Teamsquatch	Teamsquatch_BrokenMrCopy.png	Broken Mr Copy
Teamsquatch_BugSquash	Teamsquatch	Teamsquatch_BugSquash.png	Bug Squash
Teamsquatch_CoffeeBuzz	Teamsquatch	Teamsquatch_CoffeeBuzz.png	Coffee Buzz
Teamsquatch_CoffeeCrew	Teamsquatch	Teamsquatch_CoffeeCrew.png	Coffee Crew
Teamsquatch_DeskClutter	Teamsquatch	Teamsquatch_DeskClutter.png	Desk Clutter
Teamsquatch_Elevator	Teamsquatch	Teamsquatch_Elevator.png	Elevator
Teamsquatch_Email	Teamsquatch	Teamsquatch_Email.png	Email
Teamsquatch_EmailOverload	Teamsquatch	Teamsquatch_EmailOverload.png	Email Overload
Teamsquatch_FireDrill	Teamsquatch	Teamsquatch_FireDrill.png	Fire Drill
Teamsquatch_Goodnuff	Teamsquatch	Teamsquatch_Goodnuff.png	Goodnuff
Teamsquatch_KillIt	Teamsquatch	Teamsquatch_KillIt.png	Kill It
Teamsquatch_LateNight	Teamsquatch	Teamsquatch_LateNight.png	Late Night
Teamsquatch_LunchAlone	Teamsquatch	Teamsquatch_LunchAlone.png	Lunch Alone
Teamsquatch_MobileCrew	Teamsquatch	Teamsquatch_MobileCrew.png	Mobile Crew
Teamsquatch_MrCopy	Teamsquatch	Teamsquatch_MrCopy.png	Mr Copy
Teamsquatch_Nap	Teamsquatch	Teamsquatch_Nap.png	Nap
Teamsquatch_Nice	Teamsquatch	Teamsquatch_Nice.png	Nice
Teamsquatch_Screenwatching	Teamsquatch	Teamsquatch_Screenwatching.png	Screenwatching
Teamsquatch_StolenLunch	Teamsquatch	Teamsquatch_StolenLunch.png	Stolen Lunch
Teamsquatch_Teamwork	Teamsquatch	Teamsquatch_Teamwork.png	Teamwork
Teamsquatch_WeekendRide	Teamsquatch	Teamsquatch_WeekendRide.png	Weekend Ride
Teamsquatch_WorkingHard	Teamsquatch	Teamsquatch_WorkingHard.png	Working Hard
Teamsquatch_Yes	Teamsquatch	Teamsquatch_Yes.png	Yes
BummerBert_AnotherBadDay	BummerBert	BummerBert_AnotherBadDay.png	Another Bad Day
BummerBert_Corner	BummerBert	BummerBert_Corner.png	Corner
BummerBert_Hopeless	BummerBert	BummerBert_Hopeless.png	Hopeless
BummerBert_IGiveUp	BummerBert	BummerBert_IGiveUp.png	IGive Up
BummerBert_IJustCant	BummerBert	BummerBert_IJustCant.png	IJust Cant
BummerBert_IveMadeAHugeMistake	BummerBert	BummerBert_IveMadeAHugeMistake.png	Ive Made AHuge Mistake
BummerBert_IWillNeverFinish	BummerBert	BummerBert_IWillNeverFinish.png	IWill Never Finish
BummerBert_IWillTryAgainMaybe	BummerBert	BummerBert_IWillTryAgainMaybe.png	IWill Try Again Maybe
BummerBert_Meh	BummerBert	BummerBert_Meh.png	Meh
BummerBert_NobodyCares	BummerBert	BummerBert_NobodyCares.png	Nobody Cares
BummerBert_NotMe	BummerBert	BummerBert_NotMe.png	Not Me
BummerBert_NotSoFast	BummerBert	BummerBert_NotSoFast.png	Not So Fast
BummerBert_Sigh	BummerBert	BummerBert_Sigh.png	Sigh
BummerBert_Typical	BummerBert	BummerBert_Typical.png	Typical
BummerBert_WellThatFailed	BummerBert	BummerBert_WellThatFailed.png	Well That Failed
BummerBert_WhatIsHappiness	BummerBert	BummerBert_WhatIsHappiness.png	What Is Happiness
BummerBert_WhyMe	BummerBert	BummerBert_WhyMe.png	Why Me
BummerBert_WorkingLateAgain	BummerBert	BummerBert_WorkingLateAgain.png	Working Late Again
BummerBert_WrongAgain	BummerBert	BummerBert_WrongAgain.png	Wrong Again
CatsInSuits_Cat	CatsInSuits	CatsInSuits_Cat.png	Cat
CatsInSuits_Coffee	CatsInSuits	CatsInSuits_Coffee.png	Coffee
CatsInSuits_DogSuit	CatsInSuits	CatsInSuits_DogSuit.png	Dog Suit
CatsInSuits_Eating	CatsInSuits	CatsInSuits_Eating.png	Eating
CatsInSuits_Hairball	CatsInSuits	CatsInSuits_Hairball.png	Hairball
CatsInSuits_Injured	CatsInSuits	CatsInSuits_Injured.png	Injured
CatsInSuits_Jump	CatsInSuits	CatsInSuits_Jump.png	Jump
CatsInSuits_Keyboard	CatsInSuits	CatsInSuits_Keyboard.png	Keyboard
CatsInSuits_Lick	CatsInSuits	CatsInSuits_Lick.png	Lick
CatsInSuits_Mouse	CatsInSuits	CatsInSuits_Mouse.png	Mouse
CatsInSuits_OfficeChair	CatsInSuits	CatsInSuits_OfficeChair.png	Office Chair
CatsInSuits_PassOut	CatsInSuits	CatsInSuits_PassOut.png	Pass Out
CatsInSuits_Question	CatsInSuits	CatsInSuits_Question.png	Question
CatsInSuits_RollOver	CatsInSuits	CatsInSuits_RollOver.png	Roll Over
CatsInSuits_Scared	CatsInSuits	CatsInSuits_Scared.png	Scared
CatsInSuits_Shy	CatsInSuits	CatsInSuits_Shy.png	Shy
CatsInSuits_SleepInSun	CatsInSuits	CatsInSuits_SleepInSun.png	Sleep In Sun
CatsInSuits_SleepOnDesk	CatsInSuits	CatsInSuits_SleepOnDesk.png	Sleep On Desk
CatsInSuits_WaterSpill	CatsInSuits	CatsInSuits_WaterSpill.png	Water Spill
CatsInSuits_Window	CatsInSuits	CatsInSuits_Window.png	Window
CatsInSuits_Yarn	CatsInSuits	CatsInSuits_Yarn.png	Yarn
Monkey_Attack	Monkey	Monkey_Attack.png	Attack
Monkey_Banana	Monkey	Monkey_Banana.png	Banana
Monkey_Basic	Monkey	Monkey_Basic.png	Basic
Monkey_Bored	Monkey	Monkey_Bored.png	Bored
Monkey_Cheer	Monkey	Monkey_Cheer.png	Cheer
Monkey_Cool	Monkey	Monkey_Cool.png	Cool
Monkey_Dance	Monkey	Monkey_Dance.png	Dance
Monkey_Disguise	Monkey	Monkey_Disguise.png	Disguise
Monkey_Dissed	Monkey	Monkey_Dissed.png	Dissed
Monkey_Dumbstruck	Monkey	Monkey_Dumbstruck.png	Dumbstruck
Monkey_Encourage	Monkey	Monkey_Encourage.png	Encourage
Monkey_FaceDown	Monkey	Monkey_FaceDown.png	Face Down
Monkey_Frustrated	Monkey	Monkey_Frustrated.png	Frustrated
Monkey_Furious	Monkey	Monkey_Furious.png	Furious
Monkey_HearNoEvil	Monkey	Monkey_HearNoEvil.png	Hear No Evil
Monkey_Jump	Monkey	Monkey_Jump.png	Jump
Monkey_Photo	Monkey	Monkey_Photo.png	Photo
Monkey_Run	Monkey	Monkey_Run.png	Run
Monkey_SeeNoEvil	Monkey	Monkey_SeeNoEvil.png	See No Evil
Monkey_Shrug	Monkey	Monkey_Shrug.png	Shrug
Monkey_Sleep	Monkey	Monkey_Sleep.png	Sleep
Monkey_Sneak	Monkey	Monkey_Sneak.png	Sneak
Monkey_SpeakNoEvil	Monkey	Monkey_SpeakNoEvil.png	Speak No Evil
Monkey_Stressed	Monkey	Monkey_Stressed.png	Stressed
Monkey_Tears	Monkey	Monkey_Tears.png	Tears
Monkey_Think	Monkey	Monkey_Think.png	Think
Monkey_ThumbsUp	Monkey	Monkey_ThumbsUp.png	Thumbs Up
Monkey_WornOut	Monkey	Monkey_WornOut.png	Worn Out
Octocorn_Amazed	Octocorn	Octocorn_Amazed.png	Amazed
Octocorn_Awe	Octocorn	Octocorn_Awe.png	Awe
Octocorn_Barf	Octocorn	Octocorn_Barf.png	Barf
Octocorn_Coffee	Octocorn	Octocorn_Coffee.png	Coffee
Octocorn_Cold	Octocorn	Octocorn_Cold.png	Cold
Octocorn_Command	Octocorn	Octocorn_Command.png	Command
Octocorn_Confident	Octocorn	Octocorn_Confident.png	Confident
Octocorn_Confused	Octocorn	Octocorn_Confused.png	Confused
Octocorn_Creepy	Octocorn	Octocorn_Creepy.png	Creepy
Octocorn_Crosseye	Octocorn	Octocorn_Crosseye.png	Crosseye
Octocorn_Cry	Octocorn	Octocorn_Cry.png	Cry
Octocorn_Derp	Octocorn	Octocorn_Derp.png	Derp
Octocorn_Devious	Octocorn	Octocorn_Devious.png	Devious
Octocorn_Drunk	Octocorn	Octocorn_Drunk.png	Drunk
Octocorn_Eager	Octocorn	Octocorn_Eager.png	Eager
Octocorn_Enthused	Octocorn	Octocorn_Enthused.png	Enthused
Octocorn_Excited	Octocorn	Octocorn_Excited.png	Excited
Octocorn_FacePlant	Octocorn	Octocorn_FacePlant.png	Face Plant
Octocorn_Fly	Octocorn	Octocorn_Fly.png	Fly
Octocorn_Formal	Octocorn	Octocorn_Formal.png	Formal
Octocorn_Giggle	Octocorn	Octocorn_Giggle.png	Giggle
Octocorn_Goofy	Octocorn	Octocorn_Goofy.png	Goofy
Octocorn_Happy	Octocorn	Octocorn_Happy.png	Happy
Octocorn_Hot	Octocorn	Octocorn_Hot.png	Hot
Octocorn_KnockedOver	Octocorn	Octocorn_KnockedOver.png	Knocked Over
Octocorn_Laugh	Octocorn	Octocorn_Laugh.png	Laugh
Octocorn_Ouch	Octocorn	Octocorn_Ouch.png	Ouch
Octocorn_Proud	Octocorn	Octocorn_Proud.png	Proud
Octocorn_Question	Octocorn	Octocorn_Question.png	Question
Octocorn_Rage	Octocorn	Octocorn_Rage.png	Rage
Octocorn_Sad	Octocorn	Octocorn_Sad.png	Sad
Octocorn_Salute	Octocorn	Octocorn_Salute.png	Salute
Octocorn_Scared	Octocorn	Octocorn_Scared.png	Scared
Octocorn_Shy	Octocorn	Octocorn_Shy.png	Shy
Octocorn_Sick	Octocorn	Octocorn_Sick.png	Sick
Octocorn_Simple	Octocorn	Octocorn_Simple.png	Simple
Octocorn_Sleep	Octocorn	Octocorn_Sleep.png	Sleep
Octocorn_Slow	Octocorn	Octocorn_Slow.png	Slow
Octocorn_Startled	Octocorn	Octocorn_Startled.png	Startled
Octocorn_Stretch	Octocorn	Octocorn_Stretch.png	Stretch
Octocorn_Study	Octocorn	Octocorn_Study.png	Study
Octocorn_Stunned	Octocorn	Octocorn_Stunned.png	Stunned
Octocorn_Stupified	Octocorn	Octocorn_Stupified.png	Stupified
Octocorn_Suspicious	Octocorn	Octocorn_Suspicious.png	Suspicious
Octocorn_Terror	Octocorn	Octocorn_Terror.png	Terror
Octocorn_Thinking	Octocorn	Octocorn_Thinking.png	Thinking
Octocorn_Tongue	Octocorn	Octocorn_Tongue.png	Tongue
Octocorn_Tough	Octocorn	Octocorn_Tough.png	Tough
Octocorn_Twitch	Octocorn	Octocorn_Twitch.png	Twitch
Octocorn_Upset	Octocorn	Octocorn_Upset.png	Upset
Broccoli_Angry	Broccoli	stickerbroccoliangry.png	Angry
Broccoli_Confused	Broccoli	stickerbroccoliconfused.png	Confused
Broccoli_FistBump	Broccoli	stickerbroccolifistbump.png	Fist Bump
Broccoli_GreatJobTeam	Broccoli	stickerbroccoligreatjob.png	Great Job Team
Broccoli_HiFive	Broccoli	stickerbroccolihifive.png	Hi Five
Broccoli_Cool	Broccoli	stickerbroccolicool.png	Cool
Broccoli_Like	Broccoli	stickerbroccolilike.png	Like
Broccoli_NotMushroom	Broccoli	stickerbroccolinotmushroom.png	Not Mushroom
Broccoli_WOW	Broccoli	stickerbroccoliwow.png	WOW
Broccoli_Overwhelmed	Broccoli	stickerbroccolioverwhelmed.png	Overwhelmed
Broccoli_Party	Broccoli	stickerbroccoliparty.png	Party
Broccoli_Sad	Broccoli	stickerbroccolisad.png	Sad
Broccoli_Cold	Broccoli	stickerbroccolicold.png	Cold
Broccoli_OnMyWay	Broccoli	stickerbroccoliomw.png	On My Way
Broccoli_TeamCheers	Broccoli	stickerbroccoliteamcheers.png	Team Cheers
Broccoli_TeamHuddle	Broccoli	stickerbroccoliteamhuddle.png	Team Huddle
Broccoli_Tired	Broccoli	stickerbroccolitired.png	Tired
Broccoli_Trapped	Broccoli	stickerbroccolitrapped.png	Trapped
Broccoli_Wave	Broccoli	stickerbroccoliwave.png	Wave
Broccoli_WhereAreYou	Broccoli	stickerbroccoliwhereareyou.png	Where Are You
Bee_Angry	Bee	stickerbeeangry.png	Angry
Bee_Ashamed	Bee	stickerbeeashamed.png	Ashamed
Bee_Bored	Bee	stckerbeebored.png	Bored
Bee_Cheers	Bee	stickerbeecheers.png	Cheers
Bee_Confused	Bee	stickerbeeconfused.png	Confused
Bee_Happy	Bee	stickerbeehappy.png	Happy
Bee_Hi	Bee	stickerbeehi.png	Hi
Bee_HiFive	Bee	stickerbeehifive.png	Hi Five
Bee_Laughing	Bee	stickerbeelaughing.png	Laughing
Bee_Like	Bee	stickerbeelike.png	Like
Bee_Love	Bee	stickerbeelove.png	Love
Bee_MissingYou	Bee	stickerbeemissingyou.png	Missing You
Bee_No	Bee	stickerbeeno.png	No
Bee_WOW	Bee	stickerbeewow.png	WOW
Bee_OMW	Bee	stickerbeeomw.png	OMW
Bee_Party	Bee	stickerbeeparty.png	Party
Bee_FistBump	Bee	stickerbeefistbump.png	Fist Bump
Bee_Sad	Bee	stickerbeesad.png	Sad
Bee_Sick	Bee	stickerbeesick.png	Sick
Bee_Well	Bee	stickerbeewell.png	Well
DonutFriends_begging	DonutFriends	DonutFriends_begging.png	begging
DonutFriends_chagrin	DonutFriends	DonutFriends_chagrin.png	chagrin
DonutFriends_cheering	DonutFriends	DonutFriends_cheering.png	cheering
DonutFriends_crying	DonutFriends	DonutFriends_crying.png	crying
DonutFriends_extremeshock	DonutFriends	DonutFriends_extremeshock.png	extremeshock
DonutFriends_facepalm	DonutFriends	DonutFriends_facepalm.png	facepalm
DonutFriends_impatient	DonutFriends	DonutFriends_impatient.png	impatient
DonutFriends_lightbulb	DonutFriends	DonutFriends_lightbulb.png	lightbulb
DonutFriends_rofl	DonutFriends	DonutFriends_rofl.png	rofl
DonutFriends_searching	DonutFriends	DonutFriends_searching.png	searching
DonutFriends_thinking	DonutFriends	DonutFriends_thinking.png	thinking
DonutFriends_thumbsup	DonutFriends	DonutFriends_thumbsup.png	thumbsup
UncleBlob_Angry	UncleBlob	UncleBlob_Angry.png	Angry
UncleBlob_Cheer	UncleBlob	UncleBlob_Cheer.png	Cheer
UncleBlob_EndOfTheWorld	UncleBlob	UncleBlob_EndOfTheWorld.png	End Of The World
UncleBlob_HeartEyes	UncleBlob	UncleBlob_HeartEyes.png	Heart Eyes
UncleBlob_Hungry	UncleBlob	UncleBlob_Hungry.png	Hungry
UncleBlob_Laughing	UncleBlob	UncleBlob_Laughing.png	Laughing
UncleBlob_Pleading	UncleBlob	UncleBlob_Pleading.png	Pleading
UncleBlob_Shocked	UncleBlob	UncleBlob_Shocked.png	Shocked
UncleBlob_Sleepy	UncleBlob	UncleBlob_Sleepy.png	Sleepy
UncleBlob_Thinking	UncleBlob	UncleBlob_Thinking.png	Thinking
UncleBlob_ThumbsUp	UncleBlob	UncleBlob_ThumbsUp.png	Thumbs Up
UncleBlob_Unmotivated	UncleBlob	UncleBlob_Unmotivated.png	Unmotivated
Animalopolis_cry_mouse	Animalopolis	Animalopolis_cry_mouse.png	cry mouse
Animalopolis_cute_koala	Animalopolis	Animalopolis_cute_koala.png	cute koala
Animalopolis_excited_bunny	Animalopolis	Animalopolis_excited_bunny.png	excited bunny
Animalopolis_grumpy_goat	Animalopolis	Animalopolis_grumpy_goat.png	grumpy goat
Animalopolis_hmm_fox	Animalopolis	Animalopolis_hmm_fox.png	hmm fox
Animalopolis_hype_monkey	Animalopolis	Animalopolis_hype_monkey.png	hype monkey
Animalopolis_laughing_donkey	Animalopolis	Animalopolis_laughing_donkey.png	laughing donkey
Animalopolis_love_hedgehog	Animalopolis	Animalopolis_love_hedgehog.png	love hedgehog
Animalopolis_mad_rhino	Animalopolis	Animalopolis_mad_rhino.png	mad rhino
Animalopolis_oops_panda	Animalopolis	Animalopolis_oops_panda.png	oops panda
Animalopolis_running_cheetah	Animalopolis	Animalopolis_running_cheetah.png	running cheetah
Animalopolis_weird_lemur	Animalopolis	Animalopolis_weird_lemur.png	weird lemur
stickers_BMac_idea	BMac	stickers_BMac_idea.png	stickers BMac idea
stickers_BMac_like	BMac	stickers_BMac_like.png	stickers BMac like
stickers_BMac_nosign	BMac	stickers_BMac_nosign.png	stickers BMac nosign
stickers_BMac_hawaii	BMac	stickers_BMac_hawaii.png	stickers BMac hawaii
stickers_BMac_surprised	BMac	stickers_BMac_surprised.png	stickers BMac surprised
stickers_BMac_soda	BMac	stickers_BMac_soda.png	stickers BMac soda
stickers_BMac_nobutton	BMac	stickers_BMac_nobutton.png	stickers BMac nobutton
stickers_BMac_singing	BMac	stickers_BMac_singing.png	stickers BMac singing
stickers_BMac_giraffe	BMac	stickers_BMac_giraffe.png	stickers BMac giraffe
stickers_Bmac_nope	BMac	stickers_Bmac_nope.png	stickers Bmac nope
stickers_Bmac_tacos	BMac	stickers_Bmac_tacos.png	stickers Bmac tacos
Food_Beer	Food	Food_Beer.png	Beer
Food_Burger	Food	Food_Burger.png	Burger
Food_Burrito	Food	Food_Burrito.png	Burrito
Food_Cake	Food	Food_Cake.png	Cake
Food_Cocktail	Food	Food_Cocktail.png	Cocktail
Food_Coffee	Food	Food_Coffee.png	Coffee
Food_Cupcake	Food	Food_Cupcake.png	Cupcake
Food_DimSum	Food	Food_DimSum.png	Dim Sum
Food_Donut	Food	Food_Donut.png	Donut
Food_Fries	Food	Food_Fries.png	Fries
Food_GeneralTso	Food	Food_GeneralTso.png	General Tso
Food_HotDog	Food	Food_HotDog.png	Hot Dog
Food_IceCream	Food	Food_IceCream.png	Ice Cream
Food_MixedDrink	Food	Food_MixedDrink.png	Mixed Drink
Food_Pita	Food	Food_Pita.png	Pita
Food_Pizza	Food	Food_Pizza.png	Pizza
Food_Ramen	Food	Food_Ramen.png	Ramen
Food_Salad	Food	Food_Salad.png	Salad
Food_Sandwich	Food	Food_Sandwich.png	Sandwich
Food_Sashimi	Food	Food_Sashimi.png	Sashimi
Food_Soup	Food	Food_Soup.png	Soup
Food_Spaghetti	Food	Food_Spaghetti.png	Spaghetti
Food_StreetTaco	Food	Food_StreetTaco.png	Street Taco
Food_Sushi	Food	Food_Sushi.png	Sushi
Food_Taco	Food	Food_Taco.png	Taco
Food_Tea	Food	Food_Tea.png	Tea
